<?xml version="1.0" encoding="UTF-8"?>
<objects serializationModel="Studio.02.02.00">
	<object class="Event" id="{3c149770-f572-43c3-82a4-5aa418c0463a}">
		<property name="name">
			<value>VentilationGrate</value>
		</property>
		<property name="outputFormat">
			<value>2</value>
		</property>
		<relationship name="folder">
			<destination>{bea4db74-c5b1-4013-924e-39032a0ba19e}</destination>
		</relationship>
		<relationship name="mixer">
			<destination>{b4e5934b-e9ed-4493-8a35-df944d07cc09}</destination>
		</relationship>
		<relationship name="masterTrack">
			<destination>{cafa64fe-cd28-4210-9f7b-1ace190faa66}</destination>
		</relationship>
		<relationship name="mixerInput">
			<destination>{8d1abffd-b0ee-47ad-b1d6-284ab3d2c63e}</destination>
		</relationship>
		<relationship name="automatableProperties">
			<destination>{7b3d2fe8-dac6-4f5a-a662-6361a6ab71c8}</destination>
		</relationship>
		<relationship name="markerTracks">
			<destination>{08b557c5-bc64-4780-9395-987cfa573be9}</destination>
		</relationship>
		<relationship name="groupTracks">
			<destination>{ebb5e2bf-c28c-434d-8000-5746649e521f}</destination>
		</relationship>
		<relationship name="timeline">
			<destination>{4d696012-bf5c-4cd9-b3b0-01b310fb98ca}</destination>
		</relationship>
		<relationship name="banks">
			<destination>{bf94b17d-39fc-4b87-b090-de7fd81ffc18}</destination>
		</relationship>
	</object>
	<object class="EventMixer" id="{b4e5934b-e9ed-4493-8a35-df944d07cc09}">
		<relationship name="masterBus">
			<destination>{29f90bc8-65d6-4615-9b22-cc2484ee386e}</destination>
		</relationship>
	</object>
	<object class="MasterTrack" id="{cafa64fe-cd28-4210-9f7b-1ace190faa66}">
		<relationship name="mixerGroup">
			<destination>{29f90bc8-65d6-4615-9b22-cc2484ee386e}</destination>
		</relationship>
	</object>
	<object class="MixerInput" id="{8d1abffd-b0ee-47ad-b1d6-284ab3d2c63e}">
		<relationship name="effectChain">
			<destination>{bf1aadac-d7da-415f-a7e1-ffc976ea8bc2}</destination>
		</relationship>
		<relationship name="panner">
			<destination>{3180355f-7ead-4c98-b39d-805fbc6c5b7b}</destination>
		</relationship>
		<relationship name="output">
			<destination>{c799af0b-8fff-46ce-b458-512856da556f}</destination>
		</relationship>
	</object>
	<object class="EventAutomatableProperties" id="{7b3d2fe8-dac6-4f5a-a662-6361a6ab71c8}" />
	<object class="MarkerTrack" id="{08b557c5-bc64-4780-9395-987cfa573be9}" />
	<object class="GroupTrack" id="{ebb5e2bf-c28c-434d-8000-5746649e521f}">
		<relationship name="mixerGroup">
			<destination>{419ecd21-4aa3-4005-ba54-48654dbecf67}</destination>
		</relationship>
	</object>
	<object class="Timeline" id="{4d696012-bf5c-4cd9-b3b0-01b310fb98ca}">
		<relationship name="markers">
			<destination>{f0b5b1ab-4ff0-4a4f-a229-123d03afaeb8}</destination>
		</relationship>
	</object>
	<object class="EventMixerMaster" id="{29f90bc8-65d6-4615-9b22-cc2484ee386e}">
		<relationship name="effectChain">
			<destination>{4d605079-c8bc-45b5-a5e6-827988a68594}</destination>
		</relationship>
		<relationship name="panner">
			<destination>{9dc7ffa8-7156-463f-be04-d0cc539cc18f}</destination>
		</relationship>
		<relationship name="mixer">
			<destination>{b4e5934b-e9ed-4493-8a35-df944d07cc09}</destination>
		</relationship>
	</object>
	<object class="MixerBusEffectChain" id="{bf1aadac-d7da-415f-a7e1-ffc976ea8bc2}">
		<relationship name="effects">
			<destination>{816c8f1d-ab45-4427-8e5a-309ceec58b55}</destination>
		</relationship>
	</object>
	<object class="MixerBusPanner" id="{3180355f-7ead-4c98-b39d-805fbc6c5b7b}" />
	<object class="EventMixerGroup" id="{419ecd21-4aa3-4005-ba54-48654dbecf67}">
		<property name="name">
			<value>Audio 1</value>
		</property>
		<relationship name="effectChain">
			<destination>{f80edac1-342e-4724-bc31-7477a315bd02}</destination>
		</relationship>
		<relationship name="panner">
			<destination>{4fdc35fd-cf62-4757-8353-68eeeff65e10}</destination>
		</relationship>
		<relationship name="output">
			<destination>{29f90bc8-65d6-4615-9b22-cc2484ee386e}</destination>
		</relationship>
	</object>
	<object class="LoopRegion" id="{f0b5b1ab-4ff0-4a4f-a229-123d03afaeb8}">
		<property name="position">
			<value>0</value>
		</property>
		<property name="length">
			<value>111.31999999999999</value>
		</property>
		<relationship name="timeline">
			<destination>{4d696012-bf5c-4cd9-b3b0-01b310fb98ca}</destination>
		</relationship>
		<relationship name="markerTrack">
			<destination>{08b557c5-bc64-4780-9395-987cfa573be9}</destination>
		</relationship>
	</object>
	<object class="MixerBusEffectChain" id="{4d605079-c8bc-45b5-a5e6-827988a68594}">
		<relationship name="effects">
			<destination>{7c5b8a48-19af-4655-a859-490c9dc47ec9}</destination>
			<destination>{7c7b49c7-533c-407c-8400-a6b6acfd4455}</destination>
		</relationship>
	</object>
	<object class="MixerBusPanner" id="{9dc7ffa8-7156-463f-be04-d0cc539cc18f}" />
	<object class="MixerBusFader" id="{816c8f1d-ab45-4427-8e5a-309ceec58b55}" />
	<object class="MixerBusEffectChain" id="{f80edac1-342e-4724-bc31-7477a315bd02}">
		<relationship name="effects">
			<destination>{d8591526-30a8-47b0-92b1-a234aceb3204}</destination>
		</relationship>
	</object>
	<object class="MixerBusPanner" id="{4fdc35fd-cf62-4757-8353-68eeeff65e10}" />
	<object class="MixerBusFader" id="{7c5b8a48-19af-4655-a859-490c9dc47ec9}" />
	<object class="SpatialiserEffect" id="{7c7b49c7-533c-407c-8400-a6b6acfd4455}">
		<property name="maximumDistance">
			<value>5.5999999</value>
		</property>
		<property name="overrideRange">
			<value>true</value>
		</property>
	</object>
	<object class="MixerBusFader" id="{d8591526-30a8-47b0-92b1-a234aceb3204}" />
</objects>
