<?xml version="1.0" encoding="UTF-8"?>
<objects serializationModel="Studio.02.02.00">
	<object class="Event" id="{a1e9e6f8-4174-4045-883c-4222e25f00b8}">
		<property name="name">
			<value>Footsteps</value>
		</property>
		<property name="outputFormat">
			<value>0</value>
		</property>
		<relationship name="folder">
			<destination>{bea4db74-c5b1-4013-924e-39032a0ba19e}</destination>
		</relationship>
		<relationship name="mixer">
			<destination>{e11928a4-4694-4322-a166-572d06ddd06c}</destination>
		</relationship>
		<relationship name="masterTrack">
			<destination>{488e363a-32cf-4b43-a1e2-f4b4df27ef65}</destination>
		</relationship>
		<relationship name="mixerInput">
			<destination>{a6a9b377-fc6b-48f8-b782-3e9753fa912a}</destination>
		</relationship>
		<relationship name="automatableProperties">
			<destination>{abd41110-76e9-46aa-909b-b40032aedad0}</destination>
		</relationship>
		<relationship name="markerTracks">
			<destination>{60d81380-939c-4387-a386-50281c0327e2}</destination>
		</relationship>
		<relationship name="groupTracks">
			<destination>{1ea34aa8-1aa7-48cc-aa28-b6c42b3490a0}</destination>
		</relationship>
		<relationship name="timeline">
			<destination>{2a29623e-a97d-4458-ac2c-461bf824ca0f}</destination>
		</relationship>
		<relationship name="banks">
			<destination>{bf94b17d-39fc-4b87-b090-de7fd81ffc18}</destination>
		</relationship>
	</object>
	<object class="EventMixer" id="{e11928a4-4694-4322-a166-572d06ddd06c}">
		<relationship name="masterBus">
			<destination>{8e4a5da3-c430-4274-9b40-c2fcbde82a50}</destination>
		</relationship>
	</object>
	<object class="MasterTrack" id="{488e363a-32cf-4b43-a1e2-f4b4df27ef65}">
		<relationship name="mixerGroup">
			<destination>{8e4a5da3-c430-4274-9b40-c2fcbde82a50}</destination>
		</relationship>
	</object>
	<object class="MixerInput" id="{a6a9b377-fc6b-48f8-b782-3e9753fa912a}">
		<relationship name="effectChain">
			<destination>{32741681-f5f8-4d33-aa42-2f42651456c4}</destination>
		</relationship>
		<relationship name="panner">
			<destination>{71fe5e1b-4fcc-4819-aad3-fbae7ae1216a}</destination>
		</relationship>
		<relationship name="output">
			<destination>{c799af0b-8fff-46ce-b458-512856da556f}</destination>
		</relationship>
	</object>
	<object class="EventAutomatableProperties" id="{abd41110-76e9-46aa-909b-b40032aedad0}" />
	<object class="MarkerTrack" id="{60d81380-939c-4387-a386-50281c0327e2}" />
	<object class="GroupTrack" id="{1ea34aa8-1aa7-48cc-aa28-b6c42b3490a0}">
		<relationship name="mixerGroup">
			<destination>{d0c30210-1f4f-4820-90a4-cb20929c17dc}</destination>
		</relationship>
	</object>
	<object class="Timeline" id="{2a29623e-a97d-4458-ac2c-461bf824ca0f}" />
	<object class="EventMixerMaster" id="{8e4a5da3-c430-4274-9b40-c2fcbde82a50}">
		<relationship name="effectChain">
			<destination>{69a445a1-7e47-4f13-ad98-1fc339ecce4f}</destination>
		</relationship>
		<relationship name="panner">
			<destination>{c0a9d08c-4e44-4b62-93de-2172fb34b65a}</destination>
		</relationship>
		<relationship name="mixer">
			<destination>{e11928a4-4694-4322-a166-572d06ddd06c}</destination>
		</relationship>
	</object>
	<object class="MixerBusEffectChain" id="{32741681-f5f8-4d33-aa42-2f42651456c4}">
		<relationship name="effects">
			<destination>{4ea7f87b-3a75-4385-956a-4f064cd8f1f0}</destination>
		</relationship>
	</object>
	<object class="MixerBusPanner" id="{71fe5e1b-4fcc-4819-aad3-fbae7ae1216a}" />
	<object class="EventMixerGroup" id="{d0c30210-1f4f-4820-90a4-cb20929c17dc}">
		<property name="name">
			<value>Audio 1</value>
		</property>
		<relationship name="effectChain">
			<destination>{685aac8c-3c7e-43bd-a0df-78885b1450b6}</destination>
		</relationship>
		<relationship name="panner">
			<destination>{915b4e63-3f86-4376-8e06-1d0659cac5b6}</destination>
		</relationship>
		<relationship name="output">
			<destination>{8e4a5da3-c430-4274-9b40-c2fcbde82a50}</destination>
		</relationship>
	</object>
	<object class="MixerBusEffectChain" id="{69a445a1-7e47-4f13-ad98-1fc339ecce4f}">
		<relationship name="effects">
			<destination>{04f26824-ebb6-405e-b5a1-7bf90602c749}</destination>
		</relationship>
	</object>
	<object class="MixerBusPanner" id="{c0a9d08c-4e44-4b62-93de-2172fb34b65a}" />
	<object class="MixerBusFader" id="{4ea7f87b-3a75-4385-956a-4f064cd8f1f0}" />
	<object class="MixerBusEffectChain" id="{685aac8c-3c7e-43bd-a0df-78885b1450b6}">
		<relationship name="effects">
			<destination>{e950441d-72a6-4110-abec-fcc0feccb830}</destination>
		</relationship>
	</object>
	<object class="MixerBusPanner" id="{915b4e63-3f86-4376-8e06-1d0659cac5b6}" />
	<object class="MixerBusFader" id="{04f26824-ebb6-405e-b5a1-7bf90602c749}" />
	<object class="MixerBusFader" id="{e950441d-72a6-4110-abec-fcc0feccb830}" />
</objects>
