<?xml version="1.0" encoding="UTF-8"?>
<objects serializationModel="Studio.02.02.00">
	<object class="EncodingSetting" id="{96c0b094-4748-4ad5-a4ff-556fbf022b65}">
		<property name="encodingFormat">
			<value>3</value>
		</property>
		<property name="quality">
			<value>37</value>
		</property>
		<relationship name="platform">
			<destination>{c9eebd8c-dea2-4e40-94d3-9a1b7a2a0142}</destination>
		</relationship>
		<relationship name="encodable">
			<destination>{c9eebd8c-dea2-4e40-94d3-9a1b7a2a0142}</destination>
		</relationship>
	</object>
</objects>
